{
  "Create Post" : {
    "transaction" : "Create Post",
    "sampleCount" : 1814,
    "errorCount" : 0,
    "errorPct" : 0.0,
    "meanResTime" : 3236.7276736493973,
    "medianResTime" : 2329.0,
    "minResTime" : 855.0,
    "maxResTime" : 23650.0,
    "pct1ResTime" : 6008.0,
    "pct2ResTime" : 7262.25,
    "pct3ResTime" : 12144.649999999954,
    "throughput" : 2.698111916611386,
    "receivedKBytesPerSec" : 1.4781648293154173,
    "sentKBytesPerSec" : 1.5308623276867335
  },
  "Register Random User" : {
    "transaction" : "Register Random User",
    "sampleCount" : 1966,
    "errorCount" : 1,
    "errorPct" : 0.0508647,
    "meanResTime" : 3420.3814852492346,
    "medianResTime" : 2308.0,
    "minResTime" : 737.0,
    "maxResTime" : 30259.0,
    "pct1ResTime" : 6778.999999999999,
    "pct2ResTime" : 8077.899999999996,
    "pct3ResTime" : 13518.719999999994,
    "throughput" : 2.9123639180923573,
    "receivedKBytesPerSec" : 1.1239684606245732,
    "sentKBytesPerSec" : 1.9507510544542428
  },
  "Delete Post" : {
    "transaction" : "Delete Post",
    "sampleCount" : 1758,
    "errorCount" : 0,
    "errorPct" : 0.0,
    "meanResTime" : 3328.4783845278735,
    "medianResTime" : 2322.0,
    "minResTime" : 928.0,
    "maxResTime" : 26599.0,
    "pct1ResTime" : 6397.6,
    "pct2ResTime" : 7708.199999999997,
    "pct3ResTime" : 13314.050000000001,
    "throughput" : 2.636365953988066,
    "receivedKBytesPerSec" : 0.7800965664632656,
    "sentKBytesPerSec" : 1.5471708741547658
  },
  "Total" : {
    "transaction" : "Total",
    "sampleCount" : 11235,
    "errorCount" : 3,
    "errorPct" : 0.02670227,
    "meanResTime" : 3736.312861593239,
    "medianResTime" : 2591.0,
    "minResTime" : 277.0,
    "maxResTime" : 35793.0,
    "pct1ResTime" : 7146.0,
    "pct2ResTime" : 9687.799999999974,
    "pct3ResTime" : 16464.799999999974,
    "throughput" : 16.5929203539823,
    "receivedKBytesPerSec" : 159.43838362193102,
    "sentKBytesPerSec" : 11.412162947074712
  },
  "Login" : {
    "transaction" : "Login",
    "sampleCount" : 1899,
    "errorCount" : 1,
    "errorPct" : 0.052659295,
    "meanResTime" : 6195.521853607158,
    "medianResTime" : 4214.0,
    "minResTime" : 1032.0,
    "maxResTime" : 35793.0,
    "pct1ResTime" : 12729.0,
    "pct2ResTime" : 15318.0,
    "pct3ResTime" : 22990.0,
    "throughput" : 2.8165880573106703,
    "receivedKBytesPerSec" : 78.37379588867506,
    "sentKBytesPerSec" : 3.2254618647288718
  },
  "Login-0" : {
    "transaction" : "Login-0",
    "sampleCount" : 1899,
    "errorCount" : 0,
    "errorPct" : 0.0,
    "meanResTime" : 2816.3064770932065,
    "medianResTime" : 1766.0,
    "minResTime" : 277.0,
    "maxResTime" : 24737.0,
    "pct1ResTime" : 6084.0,
    "pct2ResTime" : 7144.0,
    "pct3ResTime" : 12563.0,
    "throughput" : 2.8199131306381555,
    "receivedKBytesPerSec" : 1.1345744236551956,
    "sentKBytesPerSec" : 2.0175882034933363
  },
  "Login-1" : {
    "transaction" : "Login-1",
    "sampleCount" : 1899,
    "errorCount" : 1,
    "errorPct" : 0.052659295,
    "meanResTime" : 3378.964718272776,
    "medianResTime" : 2269.0,
    "minResTime" : 737.0,
    "maxResTime" : 30016.0,
    "pct1ResTime" : 6543.0,
    "pct2ResTime" : 7735.0,
    "pct3ResTime" : 13513.0,
    "throughput" : 2.8240773788278966,
    "receivedKBytesPerSec" : 77.44594231507796,
    "sentKBytesPerSec" : 1.2134707487151117
  }
}